Firstname,Lastname,Reason,Department,Date of visit
John,Smith,Appointment,Cardiology,2023-08-03
Emma,Johnson,Visit,,2023-08-21
William,Davis,Visit,,2023-08-14
Olivia,Brown,Visit,,2023-08-29
Michael,Williams,Appointment,Pediatrics,2023-08-07
Sophia,Jones,Visit,,2023-08-12
Ava,Garcia,Visit,,2023-08-23
James,Rodriguez,Visit,,2023-08-17
Isabella,Lopez,Visit,,2023-08-16
Alexander,Hernandez,Appointment,Radiology,2023-08-10
Frank,White,VISIT,EMPTY,2023-04-12
Uma,King,VISIT,EMPTY,2021-04-15
Daniel,Anderson,APPOINTMENT,GERIATRICS,2022-06-07
Liam,Adams,APPOINTMENT,PEDIATRICS,2020-01-09
Uma,Harris,VISIT,EMPTY,2023-02-20
Xander,King,VISIT,EMPTY,2023-01-22
Wendy,Rodriguez,APPOINTMENT,EMPTY,2020-02-07
Victor,Harris,VISIT,EMPTY,2021-12-20
Thomas,Anderson,VISIT,EMPTY,2023-08-02
Quinn,Cruz,VISIT,EMPTY,2022-01-22
Chloe,Gonzalez,APPOINTMENT,PEDIATRICS,2022-08-19
Grace,Turner,APPOINTMENT,EMPTY,2020-09-29
Wendy,Rodriguez,VISIT,EMPTY,2020-08-07
Ava,Adams,VISIT,EMPTY,2021-12-14
Frank,Adams,VISIT,EMPTY,2021-06-18
Jack,Brown,APPOINTMENT,GERIATRICS,2020-02-23
Zane,Scott,APPOINTMENT,GERIATRICS,2020-11-28
David,Taylor,VISIT,EMPTY,2023-04-04
Henry,Adams,APPOINTMENT,PEDIATRICS,2022-01-05
Isabella,Cruz,APPOINTMENT,PULMONOLOGY,2020-03-26
Emma,Scott,VISIT,EMPTY,2023-05-24
Zane,Miller,VISIT,EMPTY,2022-10-24
David,Young,APPOINTMENT,RADIOLOGY,2020-08-14
Isabella,Wilson,APPOINTMENT,RADIOLOGY,2022-09-26
Sophia,Harris,VISIT,EMPTY,2022-01-21
Ava,Miller,APPOINTMENT,PULMONOLOGY,2023-08-07
Yasmine,Moore,VISIT,EMPTY,2022-05-05
David,Gomez,VISIT,EMPTY,2020-01-12
Henry,Scott,VISIT,EMPTY,2022-06-23
Zane,Young,APPOINTMENT,EMPTY,2021-06-03
Ryan,Turner,APPOINTMENT,EMPTY,2022-04-11
Yasmine,Adams,APPOINTMENT,RADIOLOGY,2020-02-09
Alice,Campbell,APPOINTMENT,RADIOLOGY,2023-06-07
Wendy,Miller,APPOINTMENT,CARDIOLOGY,2021-02-23
Emma,Perez,APPOINTMENT,PULMONOLOGY,2022-10-16
Yasmine,Gonzalez,VISIT,EMPTY,2022-10-18
Daniel,Jackson,APPOINTMENT,CARDIOLOGY,2022-11-27
Bob,Diaz,APPOINTMENT,GERIATRICS,2023-05-02
Yasmine,Jackson,APPOINTMENT,PULMONOLOGY,2020-12-10
Victor,Adams,VISIT,EMPTY,2022-08-30
Alice,Wilson,VISIT,EMPTY,2021-05-11
Chloe,Adams,VISIT,EMPTY,2022-07-22
Thomas,Hernandez,APPOINTMENT,RADIOLOGY,2021-10-21
Henry,Smith,VISIT,EMPTY,2021-10-22
Thomas,Taylor,VISIT,EMPTY,2021-05-27
Thomas,Foster,VISIT,EMPTY,2020-06-17
Isabella,Jackson,APPOINTMENT,GERIATRICS,2023-07-05
Ava,Bailey,APPOINTMENT,CARDIOLOGY,2020-08-01
Thomas,Hernandez,APPOINTMENT,PULMONOLOGY,2020-05-24
Yasmine,Martinez,VISIT,EMPTY,2021-10-26
Grace,Cruz,APPOINTMENT,GERIATRICS,2020-04-26
Noah,Brown,VISIT,EMPTY,2022-09-22
Ryan,Wilson,APPOINTMENT,CARDIOLOGY,2022-11-21
Thomas,Foster,APPOINTMENT,PEDIATRICS,2021-08-04
Mia,Brown,VISIT,EMPTY,2022-07-08
Isabella,Brown,VISIT,EMPTY,2022-02-19
Thomas,Adams,APPOINTMENT,PEDIATRICS,2022-03-30
Sophia,Moore,VISIT,EMPTY,2022-01-12
Alice,Martinez,VISIT,EMPTY,2020-04-16
Uma,Brown,APPOINTMENT,GERIATRICS,2022-08-17
Ava,Jones,APPOINTMENT,GERIATRICS,2022-05-18
Emma,Moore,APPOINTMENT,CARDIOLOGY,2021-12-11
Frank,Adams,APPOINTMENT,EMPTY,2021-03-03
Jack,Hall,APPOINTMENT,RADIOLOGY,2020-02-03
Wendy,Taylor,VISIT,EMPTY,2020-06-08
Ava,Young,APPOINTMENT,GERIATRICS,2022-03-03
Uma,Rodriguez,APPOINTMENT,RADIOLOGY,2020-10-12
Katherine,Johnson,VISIT,EMPTY,2022-06-14
David,Campbell,APPOINTMENT,PULMONOLOGY,2023-02-19
Chloe,Hayes,APPOINTMENT,RADIOLOGY,2023-02-02
Uma,Jackson,APPOINTMENT,PEDIATRICS,2023-06-22
David,Hall,APPOINTMENT,RADIOLOGY,2022-10-29
Uma,Martinez,VISIT,EMPTY,2020-10-31
Quinn,Harris,APPOINTMENT,PULMONOLOGY,2021-08-18
Wendy,Thomas,VISIT,EMPTY,2021-01-30
Katherine,White,VISIT,EMPTY,2021-09-08
Paul,Campbell,APPOINTMENT,CARDIOLOGY,2021-11-04
Grace,Rodriguez,APPOINTMENT,EMPTY,2023-04-25
Ava,Walker,VISIT,EMPTY,2023-01-10
Chloe,Lopez,VISIT,EMPTY,2021-08-28
Jack,Adams,VISIT,EMPTY,2020-10-05
Wendy,Anderson,VISIT,EMPTY,2022-09-22
Zane,Perez,VISIT,EMPTY,2023-05-23
Wendy,King,APPOINTMENT,RADIOLOGY,2021-01-21
Olivia,Young,VISIT,EMPTY,2022-02-27
Benjamin,Davis,VISIT,EMPTY,2021-02-09
Benjamin,White,APPOINTMENT,CARDIOLOGY,2021-08-24
Uma,Foster,VISIT,EMPTY,2021-11-04
Daniel,Young,APPOINTMENT,RADIOLOGY,2020-02-27
Henry,Diaz,VISIT,EMPTY,2022-09-24
Zane,Smith,APPOINTMENT,GERIATRICS,2023-04-04
Yasmine,Johnson,VISIT,EMPTY,2020-01-15
Yasmine,Williams,VISIT,EMPTY,2023-07-19
Frank,Garcia,APPOINTMENT,PEDIATRICS,2021-06-23
Sophia,Walker,APPOINTMENT,PEDIATRICS,2022-08-02
Daniel,Smith,VISIT,EMPTY,2020-04-14
Chloe,Lopez,APPOINTMENT,PULMONOLOGY,2023-01-01
Wendy,Gonzalez,VISIT,EMPTY,2020-06-23
Mia,Diaz,VISIT,EMPTY,2023-01-20
Benjamin,Thomas,APPOINTMENT,EMPTY,2022-03-18
David,Miller,VISIT,EMPTY,2021-11-20
Uma,Williams,APPOINTMENT,CARDIOLOGY,2022-05-16
Wendy,Anderson,VISIT,EMPTY,2021-11-05
Noah,Harris,VISIT,EMPTY,2022-01-31
Charlie,Hall,VISIT,EMPTY,2023-04-09
David,Wilson,VISIT,EMPTY,2023-01-15
Zane,Diaz,APPOINTMENT,EMPTY,2021-01-18
Daniel,Foster,APPOINTMENT,GERIATRICS,2021-04-28
Alice,Jones,VISIT,EMPTY,2023-02-01
Isabella,Johnson,APPOINTMENT,EMPTY,2021-10-25
Bob,Wilson,APPOINTMENT,EMPTY,2023-06-18
Zane,Miller,VISIT,EMPTY,2023-01-08
Chloe,Diaz,VISIT,EMPTY,2022-03-20
Alice,Davis,APPOINTMENT,CARDIOLOGY,2022-12-23
Ryan,Jackson,VISIT,EMPTY,2021-06-10
Olivia,Diaz,APPOINTMENT,EMPTY,2021-06-02
Paul,Rodriguez,APPOINTMENT,PEDIATRICS,2022-07-17
Olivia,Turner,VISIT,EMPTY,2022-05-23
Xander,Walker,VISIT,EMPTY,2021-10-15
Paul,Hayes,VISIT,EMPTY,2020-07-28
Quinn,Bailey,APPOINTMENT,RADIOLOGY,2023-01-21
Wendy,Diaz,APPOINTMENT,GERIATRICS,2023-08-10
Zane,Wright,APPOINTMENT,PULMONOLOGY,2021-02-09
David,Jones,APPOINTMENT,EMPTY,2020-09-11
David,Perez,APPOINTMENT,EMPTY,2021-07-25
Sophia,Thomas,APPOINTMENT,PULMONOLOGY,2021-05-05
Alice,Young,VISIT,EMPTY,2022-03-16
Olivia,Johnson,VISIT,EMPTY,2022-09-06
Quinn,White,APPOINTMENT,PEDIATRICS,2022-12-19
David,Thomas,VISIT,EMPTY,2021-04-13
Katherine,Moore,APPOINTMENT,PULMONOLOGY,2022-10-30
Paul,Perez,VISIT,EMPTY,2022-03-23
Frank,Hall,VISIT,EMPTY,2022-06-08
Henry,Gonzalez,APPOINTMENT,EMPTY,2023-06-13
Charlie,Jones,VISIT,EMPTY,2020-10-13
Ryan,Johnson,VISIT,EMPTY,2022-04-28
Bob,Cruz,APPOINTMENT,CARDIOLOGY,2021-07-23
Ryan,Cruz,APPOINTMENT,EMPTY,2020-12-24
Noah,Scott,APPOINTMENT,GERIATRICS,2023-03-28
Ava,Harris,APPOINTMENT,EMPTY,2021-01-31
Xander,Johnson,APPOINTMENT,EMPTY,2020-07-03
Katherine,Johnson,VISIT,EMPTY,2023-01-24
David,Bailey,VISIT,EMPTY,2022-10-03
Zane,Smith,APPOINTMENT,PEDIATRICS,2023-05-03
Charlie,Taylor,APPOINTMENT,RADIOLOGY,2021-12-14
Mia,Hernandez,APPOINTMENT,PEDIATRICS,2023-07-30
Bob,Moore,VISIT,EMPTY,2021-12-15
Yasmine,Turner,APPOINTMENT,CARDIOLOGY,2021-12-07
Frank,Wright,VISIT,EMPTY,2022-03-13
Charlie,Johnson,APPOINTMENT,EMPTY,2023-01-09
Quinn,Gonzalez,APPOINTMENT,GERIATRICS,2023-05-15
Zane,Turner,VISIT,EMPTY,2021-11-21
Frank,Jackson,VISIT,EMPTY,2021-12-02
Chloe,Johnson,VISIT,EMPTY,2022-11-10
Alice,King,APPOINTMENT,PULMONOLOGY,2020-03-29
Frank,Martinez,APPOINTMENT,RADIOLOGY,2020-11-25
Uma,Jones,VISIT,EMPTY,2021-01-01
Alice,Diaz,APPOINTMENT,GERIATRICS,2021-07-13
Uma,Hall,APPOINTMENT,PEDIATRICS,2022-08-03
Benjamin,Johnson,APPOINTMENT,EMPTY,2023-06-01
Quinn,Johnson,VISIT,EMPTY,2021-10-22
Alice,Rodriguez,APPOINTMENT,EMPTY,2021-03-22
Ryan,Hayes,APPOINTMENT,PEDIATRICS,2021-05-12
Olivia,Jones,VISIT,EMPTY,2020-05-16
Jack,Adams,VISIT,EMPTY,2020-05-17
Bob,Perez,APPOINTMENT,PULMONOLOGY,2020-10-06
Ryan,Wright,APPOINTMENT,CARDIOLOGY,2022-12-23
Frank,Garcia,APPOINTMENT,CARDIOLOGY,2020-12-12
Quinn,King,APPOINTMENT,RADIOLOGY,2022-07-11
Ava,Rodriguez,VISIT,EMPTY,2020-07-03
Yasmine,Bailey,APPOINTMENT,GERIATRICS,2023-02-19
Emma,Perez,APPOINTMENT,PULMONOLOGY,2020-01-23
Benjamin,Garcia,APPOINTMENT,PEDIATRICS,2023-08-14
Grace,Brown,APPOINTMENT,GERIATRICS,2021-01-02
Quinn,Smith,VISIT,EMPTY,2020-11-15
Liam,Campbell,APPOINTMENT,RADIOLOGY,2022-01-21
Thomas,Jones,VISIT,EMPTY,2020-10-09
Emma,Hernandez,VISIT,EMPTY,2022-05-07
Katherine,Garcia,VISIT,EMPTY,2020-09-02
Bob,Anderson,APPOINTMENT,CARDIOLOGY,2023-01-09
Ava,Martinez,VISIT,EMPTY,2020-03-23
Henry,Lopez,VISIT,EMPTY,2022-01-01
Ava,Walker,APPOINTMENT,PULMONOLOGY,2020-07-01
Sophia,Jones,VISIT,EMPTY,2020-06-12
Chloe,Rodriguez,VISIT,EMPTY,2023-06-01
Katherine,Brown,VISIT,EMPTY,2022-12-24
Thomas,Gonzalez,APPOINTMENT,GERIATRICS,2020-10-29
Isabella,Brown,APPOINTMENT,CARDIOLOGY,2022-04-22
Liam,Rodriguez,APPOINTMENT,PULMONOLOGY,2020-10-30
Uma,Turner,APPOINTMENT,RADIOLOGY,2022-09-18
Yasmine,Campbell,APPOINTMENT,CARDIOLOGY,2021-02-09
Charlie,Wright,VISIT,EMPTY,2021-03-02
Sophia,Martinez,APPOINTMENT,EMPTY,2021-10-24
Daniel,Perez,APPOINTMENT,RADIOLOGY,2023-03-08
Benjamin,Adams,VISIT,EMPTY,2022-08-07
Daniel,Thompson,VISIT,EMPTY,2023-07-30
Katherine,Perez,APPOINTMENT,RADIOLOGY,2022-11-20
Liam,Turner,APPOINTMENT,RADIOLOGY,2021-09-21
Uma,Hall,VISIT,EMPTY,2021-02-23
Mia,Allen,VISIT,EMPTY,2023-07-17
Wendy,Evans,APPOINTMENT,RADIOLOGY,2023-07-31
Liam,Miller,APPOINTMENT,PEDIATRICS,2021-05-25
Jack,Martinez,VISIT,EMPTY,2021-06-13
Zane,Adams,APPOINTMENT,RADIOLOGY,2022-09-05
Xander,Thomas,VISIT,EMPTY,2021-03-22
Frank,Jackson,APPOINTMENT,RADIOLOGY,2020-06-25
Paul,Jackson,VISIT,EMPTY,2022-10-05
Mia,Harris,APPOINTMENT,GERIATRICS,2022-03-16
Katherine,Smith,APPOINTMENT,GERIATRICS,2022-05-02
Daniel,King,APPOINTMENT,CARDIOLOGY,2022-04-17
Bob,Allen,VISIT,EMPTY,2022-03-17
Noah,Campbell,APPOINTMENT,RADIOLOGY,2022-07-30
Jack,Rodriguez,VISIT,EMPTY,2020-06-06
Thomas,Thompson,APPOINTMENT,EMPTY,2021-01-14
Victor,Scott,APPOINTMENT,RADIOLOGY,2022-05-28
Thomas,Gonzalez,VISIT,EMPTY,2020-02-17
Alice,Allen,APPOINTMENT,PULMONOLOGY,2021-09-15
Isabella,Campbell,APPOINTMENT,RADIOLOGY,2020-06-10
Benjamin,Turner,VISIT,EMPTY,2023-02-19
Bob,Adams,APPOINTMENT,CARDIOLOGY,2021-05-01
Thomas,King,VISIT,EMPTY,2020-03-11
Victor,Davis,APPOINTMENT,RADIOLOGY,2020-08-19
Ryan,Gonzalez,VISIT,EMPTY,2020-01-06
Sophia,Foster,APPOINTMENT,EMPTY,2020-04-25
Ava,Wilson,VISIT,EMPTY,2020-09-04
Liam,Thompson,VISIT,EMPTY,2023-05-12
David,Adams,VISIT,EMPTY,2023-05-21
Benjamin,Moore,VISIT,EMPTY,2023-01-06
Frank,Thompson,APPOINTMENT,PEDIATRICS,2023-06-22
Mia,Thomas,VISIT,EMPTY,2020-12-19
Benjamin,Smith,VISIT,EMPTY,2021-08-04
Yasmine,Bailey,VISIT,EMPTY,2021-01-16
Paul,Wright,APPOINTMENT,GERIATRICS,2021-11-01
Charlie,Jones,VISIT,EMPTY,2021-01-23
Emma,Johnson,APPOINTMENT,RADIOLOGY,2022-09-28
Xander,Bailey,VISIT,EMPTY,2020-09-29
Victor,Perez,APPOINTMENT,PULMONOLOGY,2022-12-05
Uma,Cruz,VISIT,EMPTY,2021-10-18
Uma,Thomas,VISIT,EMPTY,2022-09-19
Katherine,Harris,VISIT,EMPTY,2023-01-12
Benjamin,Brown,VISIT,EMPTY,2022-10-26
Wendy,Gomez,VISIT,EMPTY,2020-11-24
Henry,Moore,APPOINTMENT,RADIOLOGY,2021-03-18
Grace,Bailey,VISIT,EMPTY,2023-06-06
Isabella,Turner,VISIT,EMPTY,2020-09-29
Henry,Young,APPOINTMENT,RADIOLOGY,2021-03-19